<?xml version="1.0"?>
<!DOCTYPE wallpapers SYSTEM "gnome-wp-list.dtd">
<wallpapers>
  <wallpaper deleted="false">
    <name>Ventura Background</name>
    <filename>@BACKGROUNDDIR@/Ventura/Ventura-light.jpg</filename>
    <filename-dark>@BACKGROUNDDIR@/Ventura/Ventura-dark.jpg</filename-dark>
    <options>zoom</options>
    <shade_type>solid</shade_type>
    <pcolor>#51a2da</pcolor>
    <scolor>#294172</scolor>
  </wallpaper>

  <wallpaper deleted="false">
    <name>Ventura Time of Day</name>
    <filename>@BACKGROUNDDIR@/Ventura/Ventura-timed.xml</filename>
    <options>zoom</options>
    <shade_type>solid</shade_type>
    <pcolor>#ffffff</pcolor>
    <scolor>#000000</scolor>
  </wallpaper>
</wallpapers>
